Ref,Value (LIC build),Value (EDLC build),Manufacturer,MPN,Footprint,LCSC,Assembled,Notes
BT1,LIC 3.8V,EDLC 2.7V,,,Supercap_Pads,,no (you fit it),your lithium-ion capacitor; lies flat on the back (not assembled)
BT2,LIC 3.8V,EDLC 2.7V,,,Supercap_Pads,,no (you fit it),your lithium-ion capacitor; lies flat on the back (not assembled)
C1,4.7uF,4.7uF,Samsung Electro-Mechanics,CL21A475KAQNNNE,C_0805_2012Metric,C1779,yes,charger input
C2,10uF,10uF,Samsung Electro-Mechanics,CL10A106KP8NNNC,C_0603_1608Metric,C19702,yes,charger output
C3,10nF,10nF,Samsung Electro-Mechanics,CL05B103KB5NNNC,C_0402_1005Metric,C15195,yes,ignores millisecond dips from load steps
C5,100nF,100nF,Samsung Electro-Mechanics,CL05B104KO5NNNC,C_0402_1005Metric,C1525,yes,U3 supply
C6,1uF,1uF,Samsung Electro-Mechanics,CL05A105KA5NQNC,C_0402_1005Metric,C52923,yes,VAON bulk
C7,10nF,10nF,Samsung Electro-Mechanics,CL05B103KB5NNNC,C_0402_1005Metric,C15195,yes,soft start
C8,4.7uF,4.7uF,Samsung Electro-Mechanics,CL10A475KO8NNNC,C_0603_1608Metric,C19666,yes,keeps power on ~4-6 s after a button press so firmware can raise HOLD
C9,10uF,10uF,Samsung Electro-Mechanics,CL21A106KAYNNNE,C_0805_2012Metric,C15850,yes,regulator input
C10,100nF,100nF,Samsung Electro-Mechanics,CL05B104KO5NNNC,C_0402_1005Metric,C1525,yes,VINA bypass
C11,10uF,10uF,Samsung Electro-Mechanics,CL21A106KAYNNNE,C_0805_2012Metric,C15850,yes,regulator output
C12,10uF,10uF,Samsung Electro-Mechanics,CL21A106KAYNNNE,C_0805_2012Metric,C15850,yes,regulator output
C13,100nF,100nF,Samsung Electro-Mechanics,CL05B104KO5NNNC,C_0402_1005Metric,C1525,yes,output HF bypass
C14,100nF,100nF,Samsung Electro-Mechanics,CL05B104KO5NNNC,C_0402_1005Metric,C1525,yes,ADC sample charge
C15,100nF,100nF,Samsung Electro-Mechanics,CL05B104KO5NNNC,C_0402_1005Metric,C1525,yes,RTC supply
C16,15pF,15pF,Samsung Electro-Mechanics,CL05C150JB5NNNC,C_0402_1005Metric,C1548,yes,crystal load
C17,15pF,15pF,Samsung Electro-Mechanics,CL05C150JB5NNNC,C_0402_1005Metric,C1548,yes,crystal load
C18,100nF,100nF,Samsung Electro-Mechanics,CL05B104KO5NNNC,C_0402_1005Metric,C1525,yes,IOVDD pin 1
C19,100nF,100nF,Samsung Electro-Mechanics,CL05B104KO5NNNC,C_0402_1005Metric,C1525,yes,IOVDD pin 10
C20,100nF,100nF,Samsung Electro-Mechanics,CL05B104KO5NNNC,C_0402_1005Metric,C1525,yes,IOVDD pin 22
C21,100nF,100nF,Samsung Electro-Mechanics,CL05B104KO5NNNC,C_0402_1005Metric,C1525,yes,IOVDD pin 33
C22,100nF,100nF,Samsung Electro-Mechanics,CL05B104KO5NNNC,C_0402_1005Metric,C1525,yes,IOVDD pin 42
C23,100nF,100nF,Samsung Electro-Mechanics,CL05B104KO5NNNC,C_0402_1005Metric,C1525,yes,IOVDD pin 49
C24,100nF,100nF,Samsung Electro-Mechanics,CL05B104KO5NNNC,C_0402_1005Metric,C1525,yes,USB_VDD
C25,100nF,100nF,Samsung Electro-Mechanics,CL05B104KO5NNNC,C_0402_1005Metric,C1525,yes,ADC_AVDD
C26,1uF,1uF,Samsung Electro-Mechanics,CL05A105KA5NQNC,C_0402_1005Metric,C52923,yes,VREG_IN
C27,1uF,1uF,Samsung Electro-Mechanics,CL05A105KA5NQNC,C_0402_1005Metric,C52923,yes,VREG_VOUT
C28,100nF,100nF,Samsung Electro-Mechanics,CL05B104KO5NNNC,C_0402_1005Metric,C1525,yes,DVDD pin 23
C29,100nF,100nF,Samsung Electro-Mechanics,CL05B104KO5NNNC,C_0402_1005Metric,C1525,yes,DVDD pin 50
C30,10uF,10uF,Samsung Electro-Mechanics,CL21A106KAYNNNE,C_0805_2012Metric,C15850,yes,3V3 bulk at the RP2040
C31,100nF,100nF,Samsung Electro-Mechanics,CL05B104KO5NNNC,C_0402_1005Metric,C1525,yes,flash supply
C32,10uF,10uF,Samsung Electro-Mechanics,CL21A106KAYNNNE,C_0805_2012Metric,C15850,yes,amplifier supply
C33,100nF,100nF,Samsung Electro-Mechanics,CL05B104KO5NNNC,C_0402_1005Metric,C1525,yes,amplifier supply
D1,RED,RED,Lite-On,LTST-C191KRKT,LED_0603_1608Metric,,yes,CHG: on while charging
D2,1N4148WS,1N4148WS,Diodes Incorporated,1N4148WS-7-F,D_SOD-323,C2128,yes,USB power turns the gadget on
D3,1N4148WS,1N4148WS,Diodes Incorporated,1N4148WS-7-F,D_SOD-323,C2128,yes,lets the RP2040 read the power button
D4,1N4148WS,1N4148WS,Diodes Incorporated,1N4148WS-7-F,D_SOD-323,C2128,yes,lets the RP2040 read the charge status without back-feeding
D5,GREEN,GREEN,Lite-On,LTST-C191KGKT,LED_0603_1608Metric,,yes,FULL: on when charged (USB plugged in)
D6,1N4148WS,1N4148WS,Diodes Incorporated,1N4148WS-7-F,D_SOD-323,C2128,yes,lets the RP2040 see USB power (reads low when plugged in)
D7,BLUE,BLUE,Lite-On,LTST-C191TBKT,LED_0603_1608Metric,,yes,"user LED (GP25, like a Pico)"
J1,USB-C,USB-C,Korean Hroparts Elec,TYPE-C-31-M-12,USB_C_Receptacle_HRO_TYPE-C-31-M-12,C165948,yes,"USB-C receptacle, USB 2.0, 16 pin"
J4,DISPLAY,DISPLAY,,,PinSocket_1x08_P2.54mm_Vertical,,no (you fit it),SPI TFT/OLED module socket: GND VCC SCL SDA RES DC CS BLK
J5,I2C OLED,I2C OLED,,,PinSocket_1x04_P2.54mm_Vertical,,no (you fit it),I2C OLED module socket: GND VCC SCL SDA
J6,EXPANSION,EXPANSION,,,PinHeader_1x14_P2.54mm_Vertical,,no (you fit it),"expansion header: LEDs, buttons, sensors, lid switch"
J7,SPEAKER,SPEAKER,JST,B2B-PH-K-S(LF)(SN),JST_PH_B2B-PH-K_1x02_P2.00mm_Vertical,,no (you fit it),"speaker, 8 ohm (JST PH 2.0 mm, or solder the wires)"
J8,QWIIC,QWIIC,JST,SM04B-SRSS-TB(LF)(SN),JST_SH_SM04B-SRSS-TB_1x04-1MP_P1.00mm_Horizontal,,yes,Qwiic / STEMMA QT I2C connector
JP1,USB-ON,USB-ON,,,SolderJumper-2_P1.3mm_Bridged_RoundedPad1.0x1.5mm,,no (you fit it),cut to stop USB from turning the gadget on
JP2,ALWAYS-ON,ALWAYS-ON,,,SolderJumper-2_P1.3mm_Open_RoundedPad1.0x1.5mm,,no (you fit it),bridge for always-on (no power button)
L1,1.5uH,1.5uH,Taiyo Yuden,NR3015T1R5N,L_3015_Universal,C7497056,yes,"1.5 uH, 3 x 3 mm shielded, Isat >= 1.5 A"
Q1,AO3401A,AO3401A,Alpha & Omega Semiconductor,AO3401A,SOT-23,C15127,yes,master switch: opens below 2.6 V or in ship mode
Q2,AO3400A,AO3400A,Alpha & Omega Semiconductor,AO3400A,SOT-23,C20917,yes,USB power turns Q1 on (wakes from cut-off)
Q3,AO3400A,AO3400A,Alpha & Omega Semiconductor,AO3400A,SOT-23,C20917,yes,keeps Q1 on while the capacitor is healthy
Q4,AO3400A,AO3400A,Alpha & Omega Semiconductor,AO3400A,SOT-23,C20917,yes,SHIP high forces a cut-off (storage mode)
Q5,AO3401A,AO3401A,Alpha & Omega Semiconductor,AO3401A,SOT-23,C15127,yes,load switch with soft start
Q6,AO3400A,AO3400A,Alpha & Omega Semiconductor,AO3400A,SOT-23,C20917,yes,turns the gadget on
Q7,AO3401A,AO3401A,Alpha & Omega Semiconductor,AO3401A,SOT-23,C15127,yes,button / RTC alarm turns the gadget on
Q8,AO3400A,AO3400A,Alpha & Omega Semiconductor,AO3400A,SOT-23,C20917,yes,"in series with Q6: nothing turns the gadget on below the cut-off, not even USB"
Q9,AO3400A,AO3400A,Alpha & Omega Semiconductor,AO3400A,SOT-23,C20917,yes,lights FULL when the charger releases STAT
R1,5.1k,5.1k,Yageo,RC0402FR-075K1L,R_0402_1005Metric,C25905,yes,CC1 sink pull-down
R2,5.1k,5.1k,Yageo,RC0402FR-075K1L,R_0402_1005Metric,C25905,yes,CC2 sink pull-down
R3,1k,1k,Yageo,RC0402FR-071KL,R_0402_1005Metric,C11702,yes,charge current = 300 V / R3 = 300 mA
R4,120k,75k,Yageo,RC0402FR-07120KL,R_0402_1005Metric,C25750,yes,charge voltage = 0.8 V x (1 + R4/R5) = 3.71 V
R5,33k,33k,Yageo,RC0402FR-0733KL,R_0402_1005Metric,C25779,yes,returned to /PG so the divider cannot drain the capacitor without USB
R6,1k,1k,Yageo,RC0402FR-071KL,R_0402_1005Metric,C11702,yes,charging LED current
R7,10M,10M,Yageo,RC0402FR-0710ML,R_0402_1005Metric,C26082,yes,Q1 off by default
R8,10k,10k,Yageo,RC0402FR-0710KL,R_0402_1005Metric,C25744,yes,
R9,100k,100k,Yageo,RC0402FR-07100KL,R_0402_1005Metric,C25741,yes,
R10,1M,1M,Yageo,RC0402FR-071ML,R_0402_1005Metric,C26083,yes,UVLO divider top (1/3)
R11,470k,470k,Yageo,RC0402FR-07470KL,R_0402_1005Metric,C25790,yes,UVLO divider top (2/3)
R12,330k,330k,Yageo,RC0402FR-07330KL,R_0402_1005Metric,C25778,yes,UVLO divider top (3/3)
R13,330k,470k,Yageo,RC0402FR-07330KL,R_0402_1005Metric,C25778,yes,cut-off = 0.405 V x (1 + 1.8M/R13) = 2.61 V
R14,1M,1M,Yageo,RC0402FR-071ML,R_0402_1005Metric,C26083,yes,RESET pull-up
R15,1M,1M,Yageo,RC0402FR-071ML,R_0402_1005Metric,C26083,yes,SHIP idles low
R16,1M,1M,Yageo,RC0402FR-071ML,R_0402_1005Metric,C26083,yes,Q5 off by default
R17,100k,100k,Yageo,RC0402FR-07100KL,R_0402_1005Metric,C25741,yes,soft start
R18,1M,1M,Yageo,RC0402FR-071ML,R_0402_1005Metric,C26083,yes,hold-up discharge
R20,100k,100k,Yageo,RC0402FR-07100KL,R_0402_1005Metric,C25741,yes,firmware keeps power on
R21,10k,10k,Yageo,RC0402FR-0710KL,R_0402_1005Metric,C25744,yes,
R22,10k,10k,Yageo,RC0402FR-0710KL,R_0402_1005Metric,C25744,yes,
R23,100k,100k,Yageo,RC0402FR-07100KL,R_0402_1005Metric,C25741,yes,
R24,1M,1M,Yageo,RC0402FR-071ML,R_0402_1005Metric,C26083,yes,WAKE idles high
R25,1k,1k,Yageo,RC0402FR-071KL,R_0402_1005Metric,C11702,yes,"external wake input (lid, tilt or reed switch to GND)"
R26,100k,100k,Yageo,RC0402FR-07100KL,R_0402_1005Metric,C25741,yes,capacitor voltage / 2
R27,100k,100k,Yageo,RC0402FR-07100KL,R_0402_1005Metric,C25741,yes,capacitor voltage / 2
R28,4.7k,4.7k,Yageo,RC0402FR-074K7L,R_0402_1005Metric,C25900,yes,I2C pull-up
R29,4.7k,4.7k,Yageo,RC0402FR-074K7L,R_0402_1005Metric,C25900,yes,I2C pull-up
R30,1k,1k,Yageo,RC0402FR-071KL,R_0402_1005Metric,C11702,yes,full LED current
R31,1k,1k,Yageo,RC0402FR-071KL,R_0402_1005Metric,C11702,yes,crystal drive limit
R32,27,27,Yageo,RC0402FR-0727RL,R_0402_1005Metric,,yes,USB D+ series resistor
R33,27,27,Yageo,RC0402FR-0727RL,R_0402_1005Metric,,yes,USB D- series resistor
R34,1k,1k,Yageo,RC0402FR-071KL,R_0402_1005Metric,C11702,yes,BOOT button
R35,10k,10k,Yageo,RC0402FR-0710KL,R_0402_1005Metric,C25744,yes,RUN pull-up
R36,1M,1M,Yageo,RC0402FR-071ML,R_0402_1005Metric,C26083,yes,"AMP_EN high = on, (L+R)/2 mix; low = shut down"
R37,100,100,Yageo,RC0402FR-07100RL,R_0402_1005Metric,,yes,user LED current
R38,100,100,Yageo,RC0402FR-07100RL,R_0402_1005Metric,,yes,backlight drive (PWM on GP13)
SW1,POWER/A,POWER/A,XKB Connectivity,TS-1187A-B-A-B,SW_TS-1187A_5.1x5.1mm,C318884,yes,"power / wake button, also readable as BTN; diagonal pads 1+4"
SW2,B,B,XKB Connectivity,TS-1187A-B-A-B,SW_TS-1187A_5.1x5.1mm,C318884,yes,second button (GP14)
SW3,BOOT,BOOT,Omron,B3U-1000P,SW_SPST_B3U-1000P,,yes,hold while pressing RESET for the USB bootloader
SW4,RESET,RESET,Omron,B3U-1000P,SW_SPST_B3U-1000P,,yes,reset (also forces power-off after ~5 s)
TP1,SWCLK,SWCLK,,,TestPoint_Pad_D1.0mm,,no (you fit it),SWD debug clock
TP2,SWDIO,SWDIO,,,TestPoint_Pad_D1.0mm,,no (you fit it),SWD debug data
U1,USBLC6-2SC6,USBLC6-2SC6,STMicroelectronics,USBLC6-2SC6,SOT-23-6,C7519,yes,USB ESD protection
U2,BQ25173DSGR,BQ25173DSGR,Texas Instruments,BQ25173DSGR,WSON-8-1EP_2x2mm_P0.5mm_EP0.9x1.6mm_Vias0.3,C2942216,yes,800 mA linear supercapacitor charger
U3,TPS3808G01DBVR,TPS3808G01DBVR,Texas Instruments,TPS3808G01DBVR,SOT-23-6,C19653,yes,"under-voltage supervisor, 0.405 V SENSE threshold"
U4,TPS63031DSKR,TPS63031DSKR,Texas Instruments,TPS63031DSKR,WSON-10-1EP_2.5x2.5mm_P0.5mm_EP1.2x2mm_Vias0.3,C15516,yes,"3.3 V buck-boost, 1.8-5.5 V in"
U5,PCF8563T,PCF8563T,NXP,"PCF8563T/5,518",SOIC-8_3.9x4.9mm_P1.27mm,C7440,yes,real-time clock; its alarm wakes the gadget
U6,RP2040,RP2040,Raspberry Pi,RP2040,QFN-56-1EP_7x7mm_P0.4mm_EP3.2x3.2mm_Vias0.3,C2040,yes,dual Cortex-M0+ microcontroller
U7,W25Q128JVS,W25Q128JVS,Winbond,W25Q128JVSIQ,SOIC-8_5.23x5.23mm_P1.27mm,C97521,yes,"16 MB QSPI flash (program, sounds, images)"
U8,MAX98357A,MAX98357A,Analog Devices,MAX98357AETE+T,TQFN-16-1EP_3x3mm_P0.5mm_EP1.23x1.23mm_Vias0.3,,yes,"I2S class-D speaker amplifier, 9 dB gain"
Y1,32.768kHz,32.768kHz,Epson,Q13FC1350000400,Crystal_SMD_3215-2Pin_3.2x1.5mm,C32346,yes,"32.768 kHz, 12.5 pF, 20 ppm"
Y2,12MHz,12MHz,Abracon,ABM8-272-T3,Crystal_SMD_3225-4Pin_3.2x2.5mm,,yes,"12 MHz, 10 pF (the RP2040 reference crystal)"
