Designator,Mid X,Mid Y,Layer,Rotation,Value,Package
C1,10.650,16.250,Top,0,4.7uF,0805
C2,13.350,14.000,Top,270,10uF,0603
C3,19.000,29.800,Top,90,10nF,0402
C5,13.300,33.400,Top,90,100nF,0402
C6,13.300,26.400,Top,90,1uF,0402
C7,26.200,33.700,Top,90,10nF,0402
C8,26.400,27.700,Top,90,4.7uF,0603
C9,30.500,16.800,Top,0,10uF,0805
C10,33.900,18.400,Top,270,100nF,0402
C11,29.300,22.800,Top,90,10uF,0805
C12,31.400,22.800,Top,90,10uF,0805
C13,33.900,20.400,Top,270,100nF,0402
C14,33.800,13.900,Top,90,100nF,0402
C15,33.200,26.500,Top,90,100nF,0402
C16,12.400,39.900,Top,270,15pF,0402
C17,9.000,45.400,Top,90,15pF,0402
C18,23.700,47.100,Top,0,100nF,0402
C19,15.200,48.400,Top,90,100nF,0402
C20,9.300,38.600,Top,90,100nF,0402
C21,18.500,37.200,Top,270,100nF,0402
C22,22.100,37.200,Top,270,100nF,0402
C23,24.900,40.100,Top,0,100nF,0402
C24,24.900,39.100,Top,0,100nF,0402
C25,25.400,36.600,Top,90,100nF,0402
C26,24.400,36.600,Top,90,1uF,0402
C27,23.400,36.600,Top,90,1uF,0402
C28,14.300,41.100,Top,180,100nF,0402
C29,24.900,38.100,Top,0,100nF,0402
C30,13.000,36.800,Top,90,10uF,0805
C31,27.000,40.200,Top,90,100nF,0402
C32,12.500,22.700,Top,0,10uF,0805
C33,9.300,22.600,Top,0,100nF,0402
D1,12.250,3.300,Top,180,RED,0603
D2,24.900,13.000,Top,90,1N4148WS,SOD-323
D3,16.400,21.500,Top,90,1N4148WS,SOD-323
D4,15.200,15.700,Top,90,1N4148WS,SOD-323
D5,12.250,1.700,Top,180,GREEN,0603
D6,17.200,15.700,Top,90,1N4148WS,SOD-323
D7,27.750,1.700,Top,180,BLUE,0603
J1,20.000,3.050,Top,0,USB-C,USB-C 16-pin SMD (HRO TYPE-C-31-M-12)
J8,36.000,52.400,Top,90,QWIIC,JST SH 4-pin side entry
L1,26.400,19.600,Top,90,1.5uH,3.0x3.0x1.5 mm
Q1,9.300,33.400,Top,0,AO3401A,SOT-23
Q2,9.300,29.900,Top,0,AO3400A,SOT-23
Q3,9.300,26.400,Top,0,AO3400A,SOT-23
Q4,16.400,26.400,Top,0,AO3400A,SOT-23
Q5,22.200,33.200,Top,0,AO3401A,SOT-23
Q6,22.400,29.200,Top,0,AO3400A,SOT-23
Q7,21.600,21.800,Top,0,AO3401A,SOT-23
Q8,22.400,25.700,Top,0,AO3400A,SOT-23
Q9,12.300,6.800,Top,0,AO3400A,SOT-23
R1,16.800,9.800,Top,90,5.1k,0402
R2,22.800,9.800,Top,90,5.1k,0402
R3,7.900,12.000,Top,0,1k,0402
R4,13.100,10.400,Top,90,120k,0402
R5,12.300,11.850,Top,180,33k,0402
R6,15.400,10.600,Top,90,1k,0402
R7,12.200,33.400,Top,90,10M,0402
R8,12.200,29.900,Top,90,10k,0402
R9,13.300,29.900,Top,90,100k,0402
R10,15.000,29.800,Top,90,1M,0402
R11,16.000,29.800,Top,90,470k,0402
R12,17.000,29.800,Top,90,330k,0402
R13,18.000,29.800,Top,90,330k,0402
R14,12.200,26.400,Top,90,1M,0402
R15,19.300,26.400,Top,90,1M,0402
R16,25.100,33.700,Top,90,1M,0402
R17,25.100,30.600,Top,90,100k,0402
R18,25.100,27.700,Top,90,1M,0402
R20,25.100,25.000,Top,90,100k,0402
R21,21.600,19.000,Top,0,10k,0402
R22,26.400,13.000,Top,90,10k,0402
R23,28.400,9.500,Top,0,100k,0402
R24,19.000,21.800,Top,90,1M,0402
R25,17.900,21.800,Top,90,1k,0402
R26,34.900,16.000,Top,90,100k,0402
R27,34.900,13.900,Top,90,100k,0402
R28,34.400,26.500,Top,90,4.7k,0402
R29,35.400,26.500,Top,90,4.7k,0402
R30,8.600,9.000,Top,0,1k,0402
R31,14.300,46.100,Top,180,1k,0402
R32,18.900,14.100,Top,90,27,0402
R33,20.600,14.100,Top,90,27,0402
R34,32.900,37.600,Top,90,1k,0402
R35,26.400,35.600,Top,90,10k,0402
R36,13.500,19.800,Top,90,1M,0402
R37,27.750,3.300,Top,0,100,0402
R38,28.900,54.600,Top,90,100,0402
SW1,5.400,4.000,Top,0,POWER/A,5.1x5.1 mm SMD tact switch
SW2,34.600,4.000,Top,0,B,5.1x5.1 mm SMD tact switch
SW3,30.000,39.400,Top,0,BOOT,3.0x2.5 mm SMD tact switch
SW4,30.000,35.800,Top,0,RESET,3.0x2.5 mm SMD tact switch
U1,19.750,11.200,Top,0,USBLC6-2SC6,SOT-23-6
U2,10.500,14.000,Top,0,BQ25173DSGR,WSON-8 2x2 mm (DSG)
U3,16.900,33.200,Top,0,TPS3808G01DBVR,SOT-23-6
U4,30.500,19.600,Top,0,TPS63031DSKR,WSON-10 2.5x2.5 mm (DSK)
U5,31.300,30.700,Top,0,PCF8563T,SOIC-8 (150 mil)
U6,19.500,42.500,Top,270,RP2040,QFN-56 7x7 mm
U7,31.000,44.000,Top,180,W25Q128JVS,SOIC-8 (208 mil)
U8,10.300,19.600,Top,180,MAX98357A,TQFN-16 3x3 mm
Y1,29.600,26.500,Top,0,32.768kHz,3215 (FC-135)
Y2,11.600,44.400,Top,90,12MHz,3225 4-pad
