Comment,Designator,Footprint,LCSC Part #
4.7uF,C1,C_0805_2012Metric,C1779
10uF,C2,C_0603_1608Metric,C19702
10nF,"C3,C7",C_0402_1005Metric,C15195
100nF,"C5,C10,C13,C14,C15",C_0402_1005Metric,C1525
1uF,C6,C_0402_1005Metric,C52923
2.2uF,C8,C_0603_1608Metric,C23630
10uF,"C9,C11,C12",C_0805_2012Metric,C15850
RED,D1,LED_0603_1608Metric,C2286
1N4148WS,"D2,D3,D4",D_SOD-323,C2128
USB-C,J1,USB_C_Receptacle_HRO_TYPE-C-31-M-12,C165948
1.5uH,L1,L_3015_Universal,C7497056
AO3401A,"Q1,Q5,Q7",SOT-23,C15127
AO3400A,"Q2,Q3,Q4,Q6,Q8",SOT-23,C20917
5.1k,"R1,R2",R_0402_1005Metric,C25905
1k,"R3,R6,R25",R_0402_1005Metric,C11702
120k,R4,R_0402_1005Metric,C25750
33k,R5,R_0402_1005Metric,C25779
10M,R7,R_0402_1005Metric,C26082
10k,"R8,R21,R22",R_0402_1005Metric,C25744
100k,"R9,R17,R20,R23",R_0402_1005Metric,C25741
1M,"R10,R14,R15,R16,R18,R24,R26,R27",R_0402_1005Metric,C26083
470k,R11,R_0402_1005Metric,C25790
330k,"R12,R13",R_0402_1005Metric,C25778
4.7k,"R28,R29",R_0402_1005Metric,C25900
POWER,SW1,SW_TS-1187A_5.1x5.1mm,C318884
USBLC6-2SC6,U1,SOT-23-6,C7519
BQ25173DSGR,U2,WSON-8-1EP_2x2mm_P0.5mm_EP0.9x1.6mm_Vias0.3,C2942216
TPS3808G01DBVR,U3,SOT-23-6,C19653
TPS63031DSKR,U4,WSON-10-1EP_2.5x2.5mm_P0.5mm_EP1.2x2mm_Vias0.3,C15516
PCF8563T,U5,SOIC-8_3.9x4.9mm_P1.27mm,C7440
32.768kHz,Y1,Crystal_SMD_3215-2Pin_3.2x1.5mm,C32346
