Designator,Mid X,Mid Y,Layer,Rotation
C1,14.1500,-9.3500,Top,0
C2,16.8500,-11.6000,Top,270
C3,9.2000,-15.8000,Top,0
C5,9.2000,-12.8000,Top,0
C6,9.2000,-13.8000,Top,0
C7,16.6000,-46.3000,Top,0
C8,9.3000,-26.8000,Top,0
C9,16.3000,-40.0000,Top,0
C10,19.7000,-38.4000,Top,270
C11,15.1000,-34.0000,Top,90
C12,17.2000,-34.0000,Top,90
C13,19.7000,-36.4000,Top,270
C14,19.9000,-33.7000,Top,270
C15,8.2000,-40.6000,Top,0
D1,12.2000,-15.5000,Top,0
D2,2.3000,-28.2000,Top,0
D3,6.1000,-25.7000,Top,0
D4,15.9000,-17.2000,Top,0
J1,10.5000,-3.0500,Top,180
L1,12.2000,-37.2000,Top,90
Q1,13.4000,-43.2000,Top,0
Q2,13.4000,-20.2000,Top,0
Q3,9.5000,-20.4000,Top,0
Q4,5.6000,-18.0000,Top,0
Q5,17.6000,-43.2000,Top,0
Q6,13.3000,-30.6000,Top,0
Q7,2.3000,-24.6000,Top,0
Q8,17.3000,-30.6000,Top,0
R1,16.7000,-7.0000,Top,90
R2,4.3000,-7.0000,Top,90
R3,11.4000,-13.6000,Top,0
R4,16.6000,-15.2000,Top,90
R5,15.8000,-13.7500,Top,180
R6,14.8000,-15.5000,Top,180
R7,12.6000,-46.3000,Top,0
R8,16.5000,-18.9000,Top,0
R9,16.5000,-20.1000,Top,0
R10,5.0000,-9.2000,Top,0
R11,5.0000,-10.2000,Top,0
R12,5.0000,-11.2000,Top,0
R13,9.2000,-14.8000,Top,0
R14,6.0000,-12.2000,Top,0
R15,5.6000,-20.4000,Top,0
R16,14.6000,-46.3000,Top,0
R17,18.6000,-46.3000,Top,0
R18,8.7000,-25.2000,Top,0
R20,8.7000,-24.1000,Top,0
R21,8.7000,-23.0000,Top,0
R22,5.0000,-28.2000,Top,0
R23,1.3000,-30.9000,Top,90
R24,5.6000,-23.0000,Top,0
R25,5.6000,-24.1000,Top,0
R26,19.9000,-29.9000,Top,270
R27,19.9000,-31.8000,Top,270
R28,8.2000,-37.6000,Top,0
R29,8.2000,-38.6000,Top,0
SW1,16.2000,-25.8000,Top,0
U1,10.2500,-10.6000,Top,0
U2,14.0000,-11.6000,Top,0
U3,6.0000,-14.5000,Top,0
U4,16.3000,-37.2000,Top,0
U5,4.2000,-37.9000,Top,270
Y1,8.9000,-33.6000,Top,180
